{"train_loss": 0.060361907470294025, "_timestamp": 1682394165, "_runtime": 2365, "_step": 19, "val_loss": 0.12756617131516798, "val_acc": 0.9601722282023681, "_wandb": {"runtime": 2406}}