{"cur_train_loss": 0.5202160747844103, "_timestamp": 1683219936, "_runtime": 15243, "_step": 12239, "train_loss": 0.5202160747844103, "val_loss": 0.7165639352101785, "val_acc": 0.7534807534807535, "_wandb": {"runtime": 15313}}