{"step": 1500, "train_loss_step": 0.459397566318512, "_timestamp": 1682681645, "_runtime": 13191, "_step": 135, "train_loss": 0.4588616825904748, "val_loss": 11.699801594402658}